City_ID,City,Lat,Lng,Max Temp,Humidity,Cloudiness,Wind Speed,Country,Date
0,edinburgh of the seven seas,-37.0676,-12.3116,17.91,94,100,5.89,SH,1736468686
1,iqaluit,63.7506,-68.5145,-16.15,84,100,1.54,CA,1736468687
2,west island,-12.1568,96.8225,23.99,94,75,4.12,CC,1736468688
3,port-aux-francais,-49.35,70.2167,4.31,93,100,23.76,TF,1736468690
4,greymouth,-42.4667,171.2,18.09,77,81,2.93,NZ,1736468691
5,szczytno,53.5626,20.9875,4.96,93,75,2.57,PL,1736468429
6,papatowai,-46.5619,169.4708,14.92,73,97,3.13,NZ,1736468693
7,puerto ayora,-0.7393,-90.3518,24.01,85,98,3.14,EC,1736468694
8,yellowknife,62.456,-114.3525,-22.47,92,75,5.66,CA,1736468695
9,grytviken,-54.2811,-36.5092,4.89,97,100,1.46,GS,1736468697
10,cestos city,5.46,-9.5828,27.24,78,100,3.94,LR,1736468698
11,college,64.8569,-147.8028,-5.01,85,100,3.09,US,1736468699
12,balykshi,47.0667,51.8667,-2.0,86,75,3.0,KZ,1736468700
13,aswan,24.0934,32.907,15.82,43,73,3.54,EG,1736468701
14,touros,-5.1989,-35.4608,26.54,82,67,4.18,BR,1736468702
15,waitangi,-43.9535,-176.5597,13.79,73,86,7.15,NZ,1736468703
16,pontianak,-0.0333,109.3333,23.99,100,75,1.03,ID,1736468705
17,ranau,5.9538,116.6641,22.42,95,90,1.02,MY,1736468706
18,puerto natales,-51.7236,-72.4875,13.25,50,20,5.14,CL,1736468707
19,castelldefels,41.2779,1.9703,15.17,60,0,4.12,ES,1736468708
20,avarua,-21.2078,-159.775,25.03,94,75,4.12,CK,1736468709
21,hasaki,35.7333,140.8333,4.61,40,49,9.43,JP,1736468710
22,kuraymah,18.55,31.85,16.76,36,3,4.25,SD,1736468712
23,codrington,-38.2667,141.9667,26.67,38,72,3.01,AU,1736468714
24,east ballina,-28.8667,153.5833,23.34,79,100,2.11,AU,1736468715
25,tolanaro,-25.0319,46.9987,27.04,83,20,8.23,MG,1736468716
26,parvatipuram,18.7833,83.4333,15.36,89,0,1.37,IN,1736468717
27,bilibino,68.0546,166.4372,-27.51,98,100,0.98,RU,1736468718
28,santa catalina,9.3337,122.8637,27.27,81,96,3.23,PH,1736468720
29,blackmans bay,-43.0167,147.3167,26.4,49,48,2.63,AU,1736468721
30,kailua-kona,19.6406,-155.9956,26.98,77,40,3.6,US,1736468722
31,alotau,-10.3069,150.4462,31.39,60,91,2.16,PG,1736468723
32,olonkinbyen,70.9221,-8.7187,-7.46,88,100,11.84,SJ,1736468724
33,banda aceh,5.5577,95.3222,24.76,83,83,5.96,ID,1736468725
34,adamstown,-25.066,-130.1015,23.83,79,100,12.86,PN,1736468726
35,stanley,54.868,-1.6985,-1.93,81,75,5.14,GB,1736468728
36,invercargill,-46.4,168.35,17.23,76,90,3.58,NZ,1736468729
37,jiaozuo,35.2397,113.2331,-1.81,33,11,3.0,CN,1736468730
38,nar'yan-mar,67.6713,53.087,-8.83,94,100,4.62,RU,1736468731
39,natchez,31.5604,-91.4032,4.12,81,100,3.09,US,1736468732
40,nahiyat ash shinafiyah,31.5874,44.6602,12.52,47,15,3.3,IQ,1736468733
41,ribeira grande,38.5167,-28.7,18.22,94,75,5.66,PT,1736468734
42,dunedin,-45.8742,170.5036,12.81,78,83,3.33,NZ,1736468735
43,ridgecrest,35.6225,-117.6709,18.92,9,0,6.17,US,1736468632
44,ketchikan,55.3422,-131.6461,10.36,89,100,11.32,US,1736468738
45,queenstown,-31.8976,26.8753,17.51,86,6,1.91,ZA,1736468739
46,bokkos,9.3,9.0,15.47,26,1,4.64,NG,1736468740
47,hamilton,39.1834,-84.5333,-6.71,72,0,1.54,US,1736468601
48,thompson,55.7435,-97.8558,-18.91,78,75,4.63,CA,1736468742
49,badger,64.8,-147.5333,-5.05,86,0,3.09,US,1736468743
50,isafjordur,66.0755,-23.124,-2.48,88,42,4.59,IS,1736468745
51,praia da vitoria,38.7333,-27.0667,20.14,88,75,8.04,PT,1736468746
52,amga,60.8953,131.9608,-35.76,100,53,0.89,RU,1736468747
53,udachny,66.4167,112.4,-22.95,100,100,0.14,RU,1736468748
54,fale old settlement,-9.3852,-171.2468,28.14,72,88,9.31,TK,1736468749
55,punta arenas,-53.15,-70.9167,13.06,41,20,6.17,CL,1736468526
56,araxa,-19.5933,-46.9406,18.47,93,17,1.08,BR,1736468549
57,jamestown,42.097,-79.2353,-8.2,86,100,3.09,US,1736468623
58,pohang,36.0322,129.365,-7.88,52,0,5.65,KR,1736468754
59,moroto,2.5345,34.6666,21.26,50,31,3.02,UG,1736468755
60,albany,42.6001,-73.9662,-5.33,69,56,2.68,US,1736468523
61,dimitrovgrad,54.2139,49.6184,0.01,82,100,2.6,RU,1736468757
62,kalia,23.0396,89.6328,11.63,45,1,2.97,BD,1736468758
63,huilong,31.8111,121.655,-1.16,66,35,6.27,CN,1736468759
64,fortuna,40.5982,-124.1573,17.74,71,0,2.57,US,1736468760
65,lompoc,34.6391,-120.4579,22.79,51,0,0.91,US,1736468761
66,vilyuchinsk,52.9306,158.4028,-13.85,71,1,3.38,RU,1736468623
67,sirjan,29.452,55.6814,2.87,54,6,2.35,IR,1736468765
68,minab,27.1467,57.0801,16.13,27,0,3.82,IR,1736468766
69,ancud,-41.8697,-73.8203,13.63,64,0,1.33,CL,1736468768
70,as sulayyil,20.4607,45.5779,11.89,54,5,3.54,SA,1736468769
71,eyl,7.9803,49.8164,22.74,73,39,7.62,SO,1736468770
72,trincomalee,8.5711,81.2335,25.7,85,81,6.22,LK,1736468580
73,vorkuta,67.5,64.0,-13.53,86,100,4.01,RU,1736468474
74,san antonio de pale,-1.4014,5.6325,26.85,80,67,2.64,GQ,1736468773
75,hiratacho,35.4333,132.8167,1.98,69,75,6.69,JP,1736468774
76,grand gaube,-20.0064,57.6608,26.88,88,59,2.68,MU,1736468776
77,ushuaia,-54.8,-68.3,10.81,62,40,8.75,AR,1736468509
78,tura,25.5198,90.2201,11.78,86,0,1.43,IN,1736468778
79,taco pozo,-25.6167,-63.2833,31.12,28,80,2.8,AR,1736468780
80,afaahiti,-17.75,-149.2833,26.75,77,93,5.53,PF,1736468782
81,santa marta,11.2408,-74.199,28.27,66,20,7.72,CO,1736468654
82,atafu village,-8.5421,-172.5159,28.39,68,93,7.96,TK,1736468784
83,carutapera,-1.195,-46.02,24.43,95,77,2.22,BR,1736468785
84,suncheon,34.9481,127.4895,-5.67,63,4,2.68,KR,1736468786
85,cartagena,10.3997,-75.5144,26.79,78,0,4.63,CO,1736468530
86,lucas,41.6501,-83.6666,-6.92,77,0,1.54,US,1736468789
87,desnogorsk,54.1508,33.2815,1.29,97,100,4.2,RU,1736468790
88,kodiak,57.79,-152.4072,4.73,75,0,2.06,US,1736468791
89,enewetak,11.3474,162.3373,27.45,82,2,9.77,MH,1736468792
90,arraial do cabo,-22.9661,-42.0278,23.95,80,78,4.78,BR,1736468778
91,al qusayr,34.5091,36.5798,7.9,58,68,0.75,SY,1736468794
92,saldanha,-33.0117,17.9442,19.03,91,50,3.08,ZA,1736468795
93,bethel,41.3712,-73.414,-1.95,64,0,4.63,US,1736468796
94,shibirghan,36.6676,65.7529,1.87,61,0,2.12,AF,1736468798
95,qaqortoq,60.7167,-46.0333,-10.11,70,18,3.59,GL,1736468799
96,mon,26.75,95.1,9.74,76,27,1.67,IN,1736468800
97,weno,7.4515,151.8468,29.97,79,40,4.63,FM,1736468801
98,tiksi,71.6872,128.8694,-26.44,99,94,4.56,RU,1736468802
99,arroyito,-31.4202,-63.05,25.06,41,72,5.17,AR,1736468803
100,hawaiian paradise park,19.5933,-154.9731,26.73,79,20,3.09,US,1736468805
101,vilyuysk,63.7553,121.6247,-27.09,100,100,1.13,RU,1736468806
102,esmeraldas,-19.7625,-44.3139,19.67,89,55,0.17,BR,1736468656
103,batu pahat,1.8548,102.9325,24.0,84,98,3.32,MY,1736468621
104,kidal,18.4411,1.4078,17.12,16,100,5.11,ML,1736468809
105,bibiani,6.4635,-2.3194,21.13,56,59,0.42,GH,1736468810
106,capitan bado,-23.2667,-55.5333,27.19,27,0,2.08,PY,1736468812
107,usakos,-22.0,15.6,21.1,33,65,0.53,NA,1736468813
108,tazacorte,28.629,-17.9293,16.75,45,0,4.92,ES,1736468814
109,rawlins,41.7911,-107.2387,-12.06,79,0,2.06,US,1736468815
110,ar rutbah,33.0381,40.2848,7.68,50,81,2.69,IQ,1736468816
111,howard springs,-12.497,131.047,30.55,89,93,0.75,AU,1736468817
112,ulaangom,49.9811,92.0667,-25.19,93,99,1.22,MN,1736468819
113,nova sintra,14.8667,-24.7167,23.67,74,0,7.04,CV,1736468820
114,neya,58.2972,43.8681,-3.64,93,100,3.7,RU,1736468821
115,soe,-9.8607,124.284,23.81,74,90,0.76,ID,1736468822
116,commercy,48.75,5.5,0.78,84,95,3.93,FR,1736468823
117,yuanping,38.7153,112.7575,-7.82,30,80,1.55,CN,1736468824
118,anadyr,64.75,177.4833,-29.72,67,0,8.0,RU,1736468826
119,santa ana de yacuma,-13.75,-65.4333,23.5,92,100,2.18,BO,1736468828
120,thurso,58.5927,-3.5259,2.14,66,92,6.38,GB,1736468829
121,monrovia,6.3005,-10.7969,27.12,83,99,2.41,LR,1736468578
122,nakamura,32.9833,132.9333,-0.05,59,39,2.33,JP,1736468831
123,fada,7.25,4.0667,22.36,81,44,1.16,NG,1736468832
124,ilhabela,-23.7781,-45.3581,22.96,85,89,2.48,BR,1736468834
125,bam,29.106,58.357,8.99,35,61,2.93,IR,1736468835
126,belyy yar,53.6039,91.3903,-10.06,100,0,3.0,RU,1736468836
127,sumenep,-7.0167,113.8667,25.9,85,100,3.22,ID,1736468837
128,santa cruz,-17.8,-63.1667,25.7,83,40,1.03,BO,1736468582
129,east london,-33.0153,27.9116,22.6,84,2,6.9,ZA,1736468839
130,sept-iles,50.2001,-66.3821,3.36,63,75,6.69,CA,1736468733
131,wailua homesteads,22.0669,-159.378,24.44,87,75,7.2,US,1736468842
132,vermillion,42.7794,-96.9292,-0.35,86,100,6.18,US,1736468843
133,broome,42.2506,-75.833,-5.75,79,100,7.2,US,1736468844
134,constantia,44.1833,28.65,6.5,94,27,5.79,RO,1736468845
135,zaozersk,69.4005,32.4476,-8.15,89,99,4.21,RU,1736468846
136,ylitornio,66.3089,23.6773,-16.51,99,100,0.76,FI,1736468847
137,antsiranana,-12.2787,49.2917,25.39,82,98,5.72,MG,1736468849
138,margaret river,-33.95,115.0667,19.53,61,99,4.51,AU,1736468850
139,golfito,8.639,-83.166,22.28,93,97,0.68,CR,1736468851
140,chulakkurgan,43.765,69.1814,-6.64,85,2,1.97,KZ,1736468852
141,cabo san lucas,22.8909,-109.9124,20.98,53,40,2.06,MX,1736468853
142,coquimbo,-29.9533,-71.3436,17.85,80,100,3.6,CL,1736468673
143,port-vila,-17.7338,168.3219,28.78,65,75,4.63,VU,1736468855
144,macau,22.2006,113.5461,12.85,54,0,10.8,MO,1736468857
145,magadan,59.5667,150.8,-18.42,82,26,2.86,RU,1736468858
146,port alfred,-33.5906,26.891,20.1,93,1,1.79,ZA,1736468625
147,nyurba,63.2842,118.3319,-21.05,97,100,2.71,RU,1736468860
148,pirallahi,40.4723,50.333,4.08,89,0,4.06,AZ,1736468861
149,dinghaicun,26.2847,119.7936,9.36,57,85,9.0,CN,1736468864
150,singkil,-7.9855,111.4161,25.04,87,100,0.4,ID,1736468865
151,petropavlovsk-kamchatsky,53.0452,158.6483,-14.67,56,0,3.0,RU,1736468866
152,guerrero negro,27.9769,-114.0611,16.87,51,0,7.39,MX,1736468867
153,talnakh,69.4865,88.3972,-27.34,97,34,1.92,RU,1736468868
154,hermanus,-34.4187,19.2345,18.22,85,78,4.19,ZA,1736468869
155,wuwei,37.9281,102.6414,-6.28,62,100,1.05,CN,1736468870
156,sitka,57.0531,-135.33,8.94,81,100,11.83,US,1736468872
157,kapa'a,22.0752,-159.319,25.18,86,75,7.2,US,1736468873
158,burang,30.25,81.1667,-18.8,48,1,1.96,CN,1736468874
159,el dorado,38.7666,-120.5177,14.55,39,0,3.31,US,1736468875
160,lazaro cardenas,17.9583,-102.2,27.07,65,51,3.65,MX,1736468876
161,ufa,54.775,56.0375,0.65,99,100,3.51,RU,1736468879
162,ust-nera,64.5667,143.2,-32.85,99,96,1.17,RU,1736468880
163,caernarfon,53.1413,-4.2702,0.89,93,40,1.03,GB,1736468764
164,mariinsk,56.2139,87.7472,-18.5,99,74,2.05,RU,1736468882
165,altai,46.3722,96.2583,-19.28,95,69,2.19,MN,1736468883
166,bamboo flat,11.7,92.7167,27.05,78,100,3.09,IN,1736468884
167,rongelap,11.1635,166.8941,27.35,76,2,10.43,MH,1736468886
168,port mathurin,-19.6833,63.4167,25.97,90,99,10.33,MU,1736468887
169,ntchisi,-13.5278,33.9149,15.94,97,100,2.04,MW,1736468888
170,booue,-0.0921,11.9385,23.36,96,69,0.97,GA,1736468889
171,walvis bay,-22.9575,14.5053,17.59,86,100,3.24,NA,1736468890
172,labrador city,52.9463,-66.9114,-3.05,77,100,18.33,CA,1736468891
173,constitucion,-35.3333,-72.4167,15.91,74,6,6.6,CL,1736468892
174,georgetown,5.4112,100.3354,26.96,76,20,3.09,MY,1736468724
175,changli,39.7042,119.1506,-8.06,37,0,1.82,CN,1736468895
176,port elizabeth,-33.918,25.5701,21.16,91,75,3.09,ZA,1736468890
177,zapadnaya dvina,56.259,32.0745,-0.98,94,100,3.65,RU,1736468897
178,iskateley,67.6803,53.1512,-8.8,94,100,4.62,RU,1736468898
179,kavaratti,10.5669,72.642,26.61,76,97,4.45,IN,1736468899
180,vaxjo,56.8777,14.8091,-0.42,99,75,2.06,SE,1736468900
181,necochea,-38.5473,-58.7368,18.74,84,82,5.4,AR,1736468678
182,san luis de la loma,17.2706,-100.8939,27.19,68,60,4.44,MX,1736468903
183,taseyevo,57.2169,94.8978,-17.42,99,90,1.35,RU,1736468904
184,greenville,35.6127,-77.3663,0.01,52,0,0.0,US,1736468906
185,la mira,18.035,-102.3266,26.56,65,33,3.33,MX,1736468907
186,plastun,44.7561,136.2939,-11.35,65,99,4.98,RU,1736468908
187,kimbe,-5.5502,150.1429,30.13,69,93,1.72,PG,1736468910
188,dalhart,36.0595,-102.5133,-1.99,86,100,14.4,US,1736468911
189,dok kham tai,19.1624,99.9934,19.25,65,66,0.53,TH,1736468912
190,whitehorse,60.7161,-135.0538,1.43,86,100,8.23,CA,1736468882
191,portland,45.5234,-122.6762,9.44,66,40,6.17,US,1736468640
192,mao,39.8885,4.2658,12.31,94,0,3.09,ES,1736468915
193,peniche,39.3558,-9.3811,15.11,95,18,4.37,PT,1736468916
194,utrik,11.2278,169.8474,26.92,77,55,9.53,MH,1736468918
195,moyynkum,44.2914,72.9469,-2.98,70,1,9.12,KZ,1736468919
196,mount isa,-20.7333,139.5,34.87,41,3,7.2,AU,1736468920
197,kokopo,-4.352,152.2633,29.33,70,85,3.94,PG,1736468921
198,lebu,-37.6167,-73.65,13.84,79,0,8.74,CL,1736468922
199,mundri,-6.9558,111.71,23.44,92,100,2.08,ID,1736468924
200,dudinka,69.4058,86.1778,-32.24,100,80,1.86,RU,1736468925
201,arno,60.1167,18.6333,0.0,99,100,3.3,SE,1736468926
202,zabaykal'sk,49.6333,117.3167,-24.19,91,98,2.17,RU,1736468927
203,sanctuary point,-35.1114,150.629,22.16,80,100,2.39,AU,1736468928
204,rizhao,35.4275,119.4553,-6.24,40,0,2.09,CN,1736468930
205,la passe,45.5549,-0.8967,8.21,83,100,4.4,FR,1736468931
206,fisterra,42.9049,-9.2629,14.83,94,71,10.34,ES,1736468932
207,frontera,26.9333,-101.45,3.51,91,100,3.6,MX,1736468933
208,belle fourche,44.6714,-103.8522,-1.27,84,52,4.97,US,1736468934
209,vila do maio,15.1333,-23.2167,23.56,70,0,7.47,CV,1736468937
210,nueva loja,0.0847,-76.8828,24.75,80,97,0.45,EC,1736468938
211,libano,4.9218,-75.0623,15.92,97,100,2.41,CO,1736468939
212,severo-yeniseyskiy,60.3725,93.0408,-16.74,94,100,4.37,RU,1736468940
213,nuuk,64.1835,-51.7216,-4.66,63,52,6.69,GL,1736468655
214,dzhetygara,52.1908,61.2006,-5.12,72,95,8.98,KZ,1736468942
215,khovd,48.0056,91.6419,-19.35,74,2,2.62,MN,1736468894
216,bintulu,3.1667,113.0333,26.23,94,20,0.51,MY,1736468945
217,paracuru,-3.41,-39.0306,26.64,83,100,4.98,BR,1736468946
218,vadso,70.0744,29.7487,-9.91,85,77,5.66,NO,1736468947
219,christchurch,-43.5333,172.6333,18.11,68,45,2.57,NZ,1736468666
220,tsiombe,-25.3,45.4833,24.34,97,47,0.91,MG,1736468949
221,chernyshevskiy,63.0128,112.4714,-22.63,100,100,1.22,RU,1736468950
222,ulladulla,-35.35,150.4667,21.93,79,100,3.35,AU,1736468953
223,khandyga,62.6667,135.6,-34.54,94,74,1.26,RU,1736468954
224,susuman,62.7833,148.1667,-28.83,99,100,0.15,RU,1736468955
225,new hamburg,43.3834,-80.6997,-9.7,90,24,2.63,CA,1736468958
226,pangody,65.85,74.4859,-15.01,90,100,10.6,RU,1736468959
227,zeya,53.75,127.2667,-23.02,88,3,1.64,RU,1736468960
228,lihue,21.9789,-159.3672,24.77,85,75,7.2,US,1736468961
229,cambria,35.5641,-121.0808,20.69,45,0,0.45,US,1736468962
230,laguna,38.421,-121.4238,19.42,55,0,4.12,US,1736468963
231,vila franca do campo,37.7167,-25.4333,18.23,96,100,5.66,PT,1736468964
232,longyearbyen,78.2186,15.6401,-2.09,93,100,5.66,SJ,1736468966
233,katsuura,35.1333,140.3,5.22,43,50,8.95,JP,1736468967
234,port lincoln,-34.7333,135.8667,21.61,58,0,4.07,AU,1736468968
235,kushiro,42.975,144.3747,-2.47,74,75,5.66,JP,1736468969
236,beau vallon,-20.4189,57.6953,26.13,94,75,4.63,MU,1736468970
237,shenjiamen,29.9576,122.298,3.05,62,53,7.89,CN,1736468971
238,baharly,38.4362,57.4316,3.08,59,10,2.38,TM,1736468972
239,egilsstadir,65.2653,-14.3948,-18.05,85,37,1.03,IS,1736468974
240,luba,3.4568,8.5547,27.05,79,31,2.83,GQ,1736468975
241,boende,-0.2167,20.8667,23.48,78,80,1.42,CD,1736468976
242,kamina,-8.7386,24.9906,18.17,97,100,1.97,CD,1736468977
243,pamandzi,-12.7967,45.2794,25.88,89,0,1.54,YT,1736468978
244,corlette,-32.7201,152.1085,26.59,78,95,1.34,AU,1736468979
245,northam,51.0333,-4.2167,0.45,90,77,0.45,GB,1736468980
246,san carlos de bariloche,-41.1456,-71.3082,19.86,37,20,5.66,AR,1736468981
247,bredasdorp,-34.5322,20.0403,18.54,87,9,2.51,ZA,1736468983
248,keflavik,64.0049,-22.5624,1.24,69,75,5.14,IS,1736468984
249,mar del plata,-38.0023,-57.5575,21.64,88,0,8.05,AR,1736468833
250,saipan,15.1355,145.701,30.39,82,40,5.14,MP,1736468986
251,charters towers,-20.1,146.2667,30.48,43,22,6.22,AU,1736468987
252,chon daen,16.1895,100.8596,19.96,64,29,2.48,TH,1736468988
253,callao,-12.0667,-77.15,24.84,68,0,5.66,PE,1736468989
254,howrah,22.5892,88.3103,13.0,82,4,4.12,IN,1736468991
255,tindouf,27.6711,-8.1474,12.38,28,64,2.83,DZ,1736468992
256,hotan,37.0997,79.9269,-4.09,51,0,1.79,CN,1736468993
257,puerto madryn,-42.7692,-65.0385,15.41,50,97,7.81,AR,1736468995
258,bodo,67.28,14.405,-4.98,77,0,8.23,NO,1736468996
259,phongsali,21.6833,102.1058,9.5,98,29,0.42,LA,1736468997
260,sandnessjoen,66.0217,12.6316,-4.16,86,100,5.8,NO,1736468998
261,new norfolk,-42.7826,147.0587,27.06,37,15,1.02,AU,1736468999
262,eydhafushi,5.1033,73.0708,27.63,78,96,7.79,MV,1736469000
263,flying fish cove,-10.4217,105.6791,25.82,94,100,2.06,CX,1736469001
264,bom jardim,-7.7958,-35.5872,23.18,87,7,2.48,BR,1736469003
265,bereznik,62.8551,42.7072,-12.4,87,3,3.43,RU,1736469004
266,nhamunda,-2.1861,-56.7131,23.6,98,91,2.0,BR,1736469005
267,pusztaszabolcs,47.1372,18.767,8.24,68,100,8.0,HU,1736469006
268,kyren,51.6828,102.1408,-11.6,95,100,0.1,RU,1736469007
269,rochefort,45.9167,-1.0,6.81,87,100,3.41,FR,1736469008
270,worland,44.0169,-107.9554,-2.75,63,0,2.57,US,1736468991
271,turkmenbasy,40.0222,52.9552,3.43,93,0,2.06,TM,1736469011
272,motueka,-41.1333,173.0167,17.28,72,86,2.48,NZ,1736469012
273,klaksvik,62.2266,-6.589,1.44,56,74,3.55,FO,1736469013
274,ibiza,38.9088,1.433,16.63,74,0,6.26,ES,1736469014
275,ilulissat,69.2167,-51.1,-13.99,56,10,5.66,GL,1736469015
276,north battleford,52.7834,-108.2847,-7.95,79,0,1.27,CA,1736469016
277,lichinga,-13.3128,35.2406,18.05,100,75,2.06,MZ,1736468955
278,sittwe,20.15,92.9,17.36,65,0,3.19,MM,1736469019
279,zaragoza,41.6561,-0.8773,11.68,58,0,1.79,ES,1736468877
280,klyuchi,52.2667,79.1667,-6.54,89,100,6.44,RU,1736469021
281,mejit,10.2753,170.8646,26.94,80,20,8.7,MH,1736469022
282,saint croix,17.7397,-64.7388,24.42,80,75,2.06,VI,1736469021
283,nemuro,43.3236,145.575,-0.17,63,100,2.81,JP,1736469024
284,nelson bay,-32.7167,152.15,26.72,84,100,4.92,AU,1736469026
285,machico,32.7,-16.7667,18.73,84,20,1.03,PT,1736469027
286,uturoa,-16.7333,-151.4333,28.34,72,90,6.26,PF,1736469028
287,port blair,11.6667,92.75,27.02,78,100,3.09,IN,1736469029
288,cushing,35.9851,-96.767,-1.94,100,100,0.0,US,1736469030
289,tionk essil,12.7856,-16.5217,22.69,59,0,2.63,SN,1736469031
290,tarfaya,27.9358,-12.9218,17.99,74,100,5.93,MA,1736469033
291,mandalgovi,45.7625,106.2708,-20.37,81,100,0.58,MN,1736469034
292,narasannapeta,18.4167,84.05,16.64,80,0,2.19,IN,1736469035
293,sinjai,-5.1241,120.253,27.78,74,100,0.37,ID,1736469036
294,isangel,-19.55,169.2667,29.06,61,40,3.09,VU,1736469037
295,polyarnyy,69.1989,33.4478,-6.88,95,100,5.19,RU,1736469038
296,shimoda,34.6667,138.95,4.72,44,2,4.91,JP,1736469040
297,colonia,50.9333,6.95,1.65,89,75,4.63,DE,1736468763
298,puerto lempira,15.2667,-83.7667,26.08,78,40,3.6,HN,1736469042
299,kirakira,-10.4544,161.9205,28.75,79,98,4.16,SB,1736469043
300,pyt-yakh,60.7499,72.8582,-7.24,94,100,6.53,RU,1736469044
301,artigas,-30.4,-56.4667,28.31,39,63,7.17,UY,1736469046
302,fontanka,46.5626,30.8607,7.52,99,66,5.51,UA,1736469048
303,ad dawadimi,24.5077,44.3924,7.64,62,100,4.2,SA,1736469049
304,sao joao da barra,-21.6403,-41.0511,22.82,88,100,7.84,BR,1736469050
305,griffith,41.5284,-87.4237,-5.82,73,0,5.14,US,1736469051
306,miandrivazo,-19.5167,45.4667,28.5,68,99,0.73,MG,1736469052
307,tutoia,-2.7619,-42.2744,26.98,83,97,5.45,BR,1736469055
308,mil'kovo,55.6078,37.7956,-0.39,95,98,4.68,RU,1736469056
309,cabedelo,-6.9811,-34.8339,28.37,83,13,4.9,BR,1736469057
310,vernon,50.2581,-119.2691,2.64,77,100,4.92,CA,1736469058
311,nogliki,51.8333,143.1667,-14.92,81,94,5.22,RU,1736469061
312,acarau,-2.8856,-40.12,26.72,82,56,6.06,BR,1736469062
313,newman,37.3138,-121.0208,15.02,62,0,0.45,US,1736469063
314,bom jesus,-9.0744,-44.3586,23.36,93,100,0.75,BR,1736469064
315,chibougamau,49.9168,-74.3659,-9.21,92,100,4.63,CA,1736469065
316,freetown,8.484,-13.2299,25.59,87,100,1.68,SL,1736469067
317,cozumel,20.5083,-86.9458,22.04,78,75,2.06,MX,1736468892
318,pajok,3.8651,32.4821,22.65,36,100,1.43,SS,1736469069
319,hithadhoo,-0.6,73.0833,26.89,79,100,3.92,MV,1736469070
320,yuzhno-kurilsk,44.0306,145.8556,0.24,69,100,2.12,RU,1736469071
321,kosh-agach,50.0,88.6667,-23.57,100,98,0.45,RU,1736469072
322,lipetsk,52.6031,39.5708,1.43,84,100,3.46,RU,1736469074
323,ust'-kulom,61.6864,53.6902,-9.01,84,55,5.07,RU,1736469075
324,thinadhoo,0.5333,72.9333,27.39,75,100,2.82,MV,1736469076
325,zhanaozen,43.3,52.8,-1.85,59,0,5.82,KZ,1736469077
326,arta,39.1606,20.9853,12.05,91,100,1.22,GR,1736469078
327,tabou,4.423,-7.3528,26.69,80,95,2.3,CI,1736469079
328,tavda,58.0425,65.2726,-0.54,93,98,6.62,RU,1736469080
329,demba,-5.51,22.2667,20.97,88,100,0.36,CD,1736469082
330,boryeong,36.3493,126.5977,-3.28,83,95,4.01,KR,1736469083
331,bemidji,47.4736,-94.8803,-2.12,100,75,2.57,US,1736469085
332,fort bragg,35.139,-79.006,-0.67,50,0,1.54,US,1736469087
333,nadym,65.5333,72.5167,-13.31,94,100,13.24,RU,1736469088
334,cidade velha,14.9167,-23.6167,22.62,69,0,3.74,CV,1736469089
335,porto novo,6.4965,2.6036,27.9,83,19,2.44,BJ,1736468891
336,luderitz,-26.6481,15.1594,16.97,82,7,6.27,NA,1736469091
337,novaya igirma,57.1334,103.9112,-16.44,98,100,1.21,RU,1736469092
338,bidar,17.9,77.55,14.74,81,36,3.0,IN,1736468917
339,brookings,44.3114,-96.7984,-0.46,75,100,8.23,US,1736468863
340,sao felix do xingu,-6.6447,-51.995,22.69,98,100,0.41,BR,1736469096
341,nezhinka,51.7676,55.3694,-3.91,100,100,3.0,RU,1736469097
342,puerto baquerizo moreno,-0.9,-89.6,23.92,87,99,3.65,EC,1736468934
343,springfield,37.2153,-93.2982,-0.99,75,100,3.6,US,1736468871
344,kolonia,50.9333,6.95,1.36,87,75,4.63,DE,1736469101
345,tevriz,57.509,72.4042,-3.12,91,100,5.97,RU,1736469102
346,ascencion,31.1,-107.9833,0.98,87,100,6.52,MX,1736469103
347,inhambane,-23.865,35.3833,27.04,88,18,5.64,MZ,1736469104
348,yung shue wan,22.2333,114.1167,13.15,47,7,0.45,HK,1736469105
349,tubarjal,30.4999,38.216,8.0,64,0,4.69,SA,1736469107
350,uacu cungo,-11.3634,15.1208,14.89,97,35,0.6,AO,1736469108
351,nouadhibou,20.931,-17.0347,19.99,42,0,5.14,MR,1736469109
352,chefchaouene,35.1688,-5.2636,11.33,88,19,0.99,MA,1736469111
353,raduzhny,62.0961,77.475,-14.22,89,100,7.81,RU,1736469113
354,sortavala,61.7053,30.6918,-5.62,96,100,2.77,RU,1736469114
355,bangassou,4.7413,22.8184,20.56,36,40,1.66,CF,1736469115
356,al jawf,29.5,38.75,8.12,62,0,4.99,SA,1736469116
357,at taj,24.2049,23.2857,9.19,64,0,3.82,LY,1736469117
358,strezhevoy,60.7333,77.5889,-13.99,95,100,7.81,RU,1736469119
359,dera bugti,29.0307,69.151,12.07,23,0,2.97,PK,1736469120
360,alliance,40.9153,-81.1059,-9.51,77,6,2.53,US,1736469012
361,koniecpol,50.7747,19.689,3.09,91,100,12.61,PL,1736469122
362,aliquippa,40.6367,-80.2401,-6.88,68,0,2.57,US,1736469124
363,runing,33.0011,114.3542,-0.53,25,10,1.99,CN,1736469125
364,manta,-0.95,-80.7333,24.88,83,20,4.63,EC,1736469126
365,parnamirim,-5.9156,-35.2628,27.94,78,40,3.6,BR,1736469127
366,tlapa de comonfort,17.55,-98.55,20.98,63,6,3.05,MX,1736469128
367,kerikeri,-35.2268,173.9474,19.43,77,99,2.85,NZ,1736469129
368,shirgaon,19.7,72.7,21.09,50,100,1.8,IN,1736469130
369,saint clair,38.55,-89.9168,-3.38,87,100,3.34,US,1736469132
370,kurumkan,54.3,110.3,-23.52,91,28,1.59,RU,1736469133
371,crane,31.3974,-102.3501,5.48,53,8,3.15,US,1736469134
372,blankenberge,51.3131,3.1323,4.41,72,58,0.89,BE,1736469135
373,rio grande,-32.035,-52.0986,21.48,75,0,6.89,BR,1736469019
374,tlahualilo de zaragoza,26.1167,-103.45,11.95,54,100,1.13,MX,1736469137
375,harper,4.375,-7.7169,26.45,81,98,2.95,LR,1736469138
376,castro-urdiales,43.3829,-3.2204,11.58,87,81,2.67,ES,1736469139
377,ostersund,63.1792,14.6357,-8.75,92,100,2.06,SE,1736469141
378,gobabis,-22.45,18.9667,22.81,30,39,4.01,NA,1736469142
379,tazovsky,67.4667,78.7,-20.12,96,100,6.84,RU,1736469135
380,hvardiiske,45.1209,34.0185,9.39,78,0,2.17,UA,1736469144
381,cadale,2.7603,46.3222,24.5,78,77,9.04,SO,1736469145
382,yeniseysk,58.4497,92.1703,-13.99,94,100,2.44,RU,1736469146
383,elliot lake,46.3834,-82.6331,-12.71,78,14,0.67,CA,1736469144
384,sragen,-7.4264,111.0222,25.48,86,100,1.13,ID,1736469149
385,bel ombre,-4.6167,55.4167,25.91,100,75,2.06,SC,1736469150
386,marsa alam,25.0757,34.8918,17.75,63,0,3.12,EG,1736469151
387,ilukste,55.9775,26.2966,1.42,99,100,3.56,LV,1736469152
388,medicine hat,50.0501,-110.6683,-3.76,80,0,2.57,CA,1736469154
389,puerto leguizamo,-0.1934,-74.7819,24.86,80,100,0.33,CO,1736469155
390,chonchi,-42.6128,-73.8092,9.56,75,0,1.42,CL,1736469151
391,quthing,-30.4,27.7003,20.35,48,34,1.47,LS,1736469157
392,hammerfest,70.6634,23.6821,-9.75,73,2,1.03,NO,1736469158
393,mount gambier,-37.8333,140.7667,30.66,25,77,2.39,AU,1736469159
394,pacific grove,36.6177,-121.9166,16.9,67,0,2.68,US,1736469160
395,ndago,-4.6,34.35,16.39,94,41,0.94,TZ,1736469162
396,watsa,3.0372,29.5355,17.3,47,100,0.89,CD,1736469164
397,la ronge,55.1001,-105.2842,-16.86,78,20,1.54,CA,1736469165
398,mount pearl,47.5166,-52.7813,-0.38,90,100,7.2,CA,1736469166
399,wanning,18.8003,110.3967,19.24,66,56,6.14,CN,1736469167
400,qarauyl,48.9451,79.255,-9.86,65,95,3.89,KZ,1736469169
401,ban na san,8.8004,99.3637,23.84,84,100,1.4,TH,1736469170
402,malmesbury,-33.4608,18.7271,18.56,85,81,1.48,ZA,1736469172
403,ringkobing,56.0901,8.244,-1.01,100,75,1.03,DK,1736469173
404,mournies,35.4764,24.0092,24.04,93,20,1.54,GR,1736469175
405,nizhneangarsk,55.7833,109.55,-19.02,88,59,2.1,RU,1736469176
406,huarmey,-10.0681,-78.1522,21.78,82,100,4.25,PE,1736469177
407,capula,19.7,-101.8,8.26,87,54,2.41,MX,1736469178
408,aleksandrovsk-sakhalinskiy,50.8975,142.1561,-13.41,90,100,3.69,RU,1736469179
409,isola di capo rizzuto,38.96,17.0933,13.78,65,100,5.03,IT,1736469180
410,borba,-4.3878,-59.5939,23.83,98,100,0.48,BR,1736469181
411,bonthe,7.5264,-12.505,25.77,87,100,1.29,SL,1736469183
412,copiapo,-27.3667,-70.3333,19.7,67,0,2.09,CL,1736469181
413,dolinsk,47.35,142.8,-2.97,90,100,8.44,RU,1736469185
414,mersing,2.4312,103.8405,23.95,94,40,3.09,MY,1736469186
415,manaure,11.7751,-72.4445,26.74,76,9,6.46,CO,1736469187
416,lidzbark,53.2628,19.8266,5.97,95,100,6.7,PL,1736469188
417,antalaha,-14.9003,50.2788,23.64,91,42,2.67,MG,1736469189
418,aasiaat,68.7098,-52.8699,-21.96,99,73,2.63,GL,1736469191
419,jayapura,-2.5333,140.7,28.66,78,100,1.31,ID,1736469192
420,setubal,38.5244,-8.8882,12.94,94,9,1.95,PT,1736469193
421,santa luzia,-19.7697,-43.8514,22.65,93,75,3.6,BR,1736469194
422,holualoa,19.6228,-155.9522,25.1,76,40,3.6,US,1736468908
423,agat village,13.3886,144.6585,29.64,81,20,5.66,GU,1736469196
424,carnarvon,-24.8667,113.6333,26.96,54,46,7.47,AU,1736469198
425,chiclana de la frontera,36.4192,-6.1494,14.32,78,19,2.07,ES,1736469199
426,haiku-pauwela,20.9219,-156.3051,27.01,70,40,8.49,US,1736469200
427,bardai,11.65,7.2333,14.68,24,0,4.62,NG,1736469201
428,lillehammer,61.1146,10.4674,-10.84,92,49,2.98,NO,1736469202
429,vorgashor,67.5833,63.95,-13.62,89,100,4.37,RU,1736469203
430,port macquarie,-31.4333,152.9167,25.04,75,100,3.13,AU,1736469204
431,kapuskasing,49.4169,-82.4331,-8.0,79,100,3.6,CA,1736469206
432,hadibu,12.65,54.0333,21.94,71,0,4.57,YE,1736469207
433,motygino,58.1831,94.7592,-18.76,99,100,1.09,RU,1736469208
434,pangai,-19.8,-174.35,25.06,83,100,6.17,TO,1736469209
435,narvik,68.4384,17.4272,-9.3,76,40,2.52,NO,1736469210
436,st. john's,47.5649,-52.7093,0.08,87,100,7.2,CA,1736469044
437,huillapima,-28.7253,-65.9787,26.49,50,1,3.25,AR,1736469213
438,remire-montjoly,4.9167,-52.2667,24.02,100,0,0.51,GF,1736469214
439,garwolin,51.8975,21.6147,7.39,91,100,4.92,PL,1736469215
440,valparaiso,-33.0393,-71.6273,18.8,77,0,4.12,CL,1736469216
441,rastede,53.25,8.2,1.12,96,99,7.52,DE,1736469217
442,lubango,-14.9172,13.4925,13.92,94,6,2.06,AO,1736469218
443,koz'modem'yansk,56.3367,46.5711,-2.81,92,100,4.16,RU,1736469219
444,taltal,-25.4,-70.4833,20.2,82,12,2.24,CL,1736469140
445,kayangel,8.0823,134.7173,29.03,73,30,8.23,PW,1736469222
446,zakamensk,50.3741,103.2863,-18.95,99,100,0.91,RU,1736469223
447,kristiansund,63.1115,7.732,-2.64,86,75,1.54,NO,1736469224
448,sechura,-5.5569,-80.8222,22.58,73,33,6.2,PE,1736469226
449,velika kladusa,45.1894,15.8117,11.81,76,100,3.15,BA,1736469227
450,annau,37.8876,58.516,-2.28,100,14,1.03,TM,1736469229
451,nagqu,31.5,92.0,-13.26,31,0,1.22,CN,1736469230
452,goondiwindi,-28.55,150.3167,27.05,56,100,6.11,AU,1736469231
453,jinchang,38.4953,102.1739,-5.79,59,100,2.7,CN,1736469232
454,geraldton,-28.7667,114.6,23.23,68,20,3.6,AU,1736469234
455,ascension,30.2169,-90.9001,6.67,80,100,0.45,US,1736469236
456,kargasok,59.0556,80.8572,-15.38,95,100,5.42,RU,1736469237
457,natal,-5.795,-35.2094,28.12,78,40,3.6,BR,1736469238
458,wajir,1.7471,40.0573,24.64,70,77,6.41,KE,1736469239
459,port isabel,26.0734,-97.2086,8.02,87,100,5.66,US,1736469241
460,island harbour,50.724,-1.2758,0.01,91,28,0.96,GB,1736469242
461,stephenville,32.2207,-98.2023,0.14,97,100,0.0,US,1736469039
462,zhigalovo,54.8097,105.1578,-16.66,98,100,0.27,RU,1736469244
463,coahuayana de hidalgo,18.7,-103.6583,24.23,78,100,1.56,MX,1736469245
464,brenham,30.1669,-96.3977,2.86,74,100,3.6,US,1736469246
465,pires do rio,-17.2997,-48.2794,19.6,97,77,1.96,BR,1736469247
466,juruti,-2.1522,-56.0922,23.73,95,74,1.31,BR,1736469249
467,pontes e lacerda,-15.2261,-59.3353,22.83,97,100,0.93,BR,1736469250
468,tamanrasset,22.785,5.5228,6.95,24,0,0.0,DZ,1736469251
469,kingston,17.997,-76.7936,26.53,74,20,3.09,JM,1736469044
470,luanda,-8.8368,13.2343,26.0,78,0,2.57,AO,1736469060
471,mytilene,39.11,26.5547,13.15,86,36,3.63,GR,1736469254
472,nuku'alofa,-21.1333,-175.2,28.19,69,75,3.6,TO,1736469255
473,juneau,58.3019,-134.4197,8.0,87,100,10.29,US,1736469257
474,wad az zaki,14.4619,32.2065,19.19,27,0,5.04,SD,1736469258
475,tvoroyri,61.5556,-6.8111,2.36,51,50,2.65,FO,1736469259
476,tanque verde,32.2517,-110.7373,10.78,33,22,3.58,US,1736469260
477,general acha,-37.377,-64.6043,20.57,57,20,11.63,AR,1736469261
478,gadzhiyevo,69.2551,33.3362,-6.73,92,100,4.84,RU,1736469262
479,chifeng,42.2683,118.9636,-12.23,45,46,2.59,CN,1736468973
480,karratha,-20.7377,116.8463,33.38,47,100,1.52,AU,1736469264
481,argostolion,38.1811,20.489,13.19,69,100,2.48,GR,1736469266
482,laminusa,5.5549,120.9136,28.71,71,92,2.18,PH,1736469267
483,saeby,57.3319,10.5225,0.67,87,99,4.5,DK,1736469269
484,saverne,48.8333,7.25,0.62,91,100,5.01,FR,1736469270
485,luganville,-15.5333,167.1667,27.38,79,62,2.92,VU,1736469271
486,mirnyy,62.5353,113.9611,-16.92,96,100,2.4,RU,1736469272
487,bakanas,44.8081,76.2772,-6.99,78,4,4.45,KZ,1736469274
488,paradip garh,20.3167,86.6167,15.85,66,0,2.82,IN,1736469275
489,nantucket,41.2835,-70.0995,-2.94,59,0,10.8,US,1736469276
490,sodankyla,67.4167,26.6,-14.75,98,100,0.61,FI,1736469143
491,narman,40.3465,41.8703,-3.71,73,0,3.65,TR,1736469279
492,dryden,49.7833,-92.7503,-6.84,93,100,3.6,CA,1736469280
493,sisimiut,66.9395,-53.6735,-14.47,77,1,5.58,GL,1736469282
494,saladas,-28.2538,-58.6259,26.76,26,94,2.48,AR,1736469283
495,ribeira brava,32.65,-17.0667,16.74,82,100,1.02,PT,1736469284
496,robore,-18.3333,-59.75,24.52,74,59,2.26,BO,1736469285
497,chapeco,-27.0964,-52.6183,20.86,83,40,2.06,BR,1736469286
498,mata-utu,-13.2816,-176.1745,27.27,85,100,14.32,WF,1736469287
499,jerantut,3.936,102.3626,24.85,81,76,1.47,MY,1736469288
500,vila velha,-20.3297,-40.2925,22.19,98,100,1.79,BR,1736469193
501,san patricio,28.017,-97.5169,5.97,89,100,7.71,US,1736469291
502,pisco,-13.7,-76.2167,21.03,78,0,8.23,PE,1736469092
503,sarangani,5.4033,125.4636,28.34,71,90,1.52,PH,1736469293
504,argo,37.6333,22.7333,10.8,81,0,1.77,GR,1736469200
505,ataq,14.5377,46.8319,14.52,63,0,1.67,YE,1736469295
506,egersund,58.4513,5.9997,-3.95,84,31,2.19,NO,1736469296
507,vuktyl,63.8567,57.3094,-10.89,91,99,4.54,RU,1736469194
508,tamiahua,21.2667,-97.45,17.62,83,100,3.18,MX,1736469299
509,port douglas,-16.4833,145.4667,29.06,62,7,2.62,AU,1736469300
510,devoto,-31.4043,-62.3063,29.43,34,95,5.66,AR,1736469301
511,savanna-la-mar,18.219,-78.1332,23.85,82,87,3.56,JM,1736469302
512,namdrik,5.5994,168.1028,27.69,77,66,9.36,MH,1736469303
513,el granada,37.5027,-122.4694,17.88,58,0,4.12,US,1736469304
514,lerwick,60.1545,-1.1494,3.56,71,99,9.26,GB,1736469305
515,barcelos,41.5388,-8.6151,13.49,95,99,2.97,PT,1736469307
516,landen,50.7538,5.08,0.47,91,19,5.73,BE,1736469308
517,arenapolis,-14.4503,-56.8461,22.03,97,100,1.8,BR,1736469309
518,igarka,67.4667,86.5833,-32.88,100,56,0.76,RU,1736469310
519,abha,18.2164,42.5053,10.14,93,0,2.06,SA,1736469311
520,markala,13.7021,-6.0659,22.66,15,100,4.74,ML,1736469312
521,san angelo,31.4638,-100.437,2.12,91,100,3.09,US,1736469149
522,hell-ville,-13.4,48.2667,26.75,78,67,2.21,MG,1736469315
523,kijang,35.2442,129.2139,-9.15,41,0,2.51,KR,1736469316
524,bandon,51.7469,-8.7425,1.77,78,100,7.19,IE,1736469317
525,aykhal,66.0,111.5,-21.45,100,100,1.03,RU,1736469318
526,chagoda,59.164,35.3285,-2.23,93,98,2.53,RU,1736469319
527,grootfontein,-19.5667,18.1167,22.65,39,97,4.59,NA,1736469320
528,zouerate,22.7187,-12.4521,14.39,15,17,4.59,MR,1736469322
529,i-n-salah,27.1935,2.4607,12.95,28,1,4.51,DZ,1736469323
530,leongatha,-38.4833,145.95,27.25,36,100,1.66,AU,1736469324
531,khonsa,27.0167,95.5667,12.04,71,0,1.93,IN,1736469325
532,mato verde,-15.3972,-42.8664,21.7,94,100,0.46,BR,1736469326
533,taoudenni,22.6783,-3.9836,15.06,19,3,5.58,ML,1736469327
534,jwaneng,-24.6004,24.7303,20.4,80,49,3.97,BW,1736469328
535,fort st. john,56.2499,-120.8529,0.94,93,100,5.14,CA,1736469329
536,corner brook,48.9667,-57.9484,1.65,99,100,2.5,CA,1736469331
537,karasburg,-28.0167,18.75,18.5,48,98,3.08,NA,1736469332
538,tuy hoa,13.0833,109.3,22.09,89,64,6.88,VN,1736469201
539,salinas,36.6777,-121.6555,17.12,63,0,1.54,US,1736469334
540,bubaque,11.2833,-15.8333,25.28,80,0,4.42,GW,1736469335
541,kabompo,-13.5927,24.2008,16.61,95,95,1.21,ZM,1736469336
542,pathein,16.7833,94.7333,18.26,77,0,2.19,MM,1736469337
543,sinabang,2.4803,96.3801,26.76,82,100,1.1,ID,1736469339
544,port moresby,-9.4431,147.1797,31.68,66,40,2.57,PG,1736469340
545,conceicao da barra,-18.5933,-39.7322,23.74,95,100,1.34,BR,1736469341
546,pearsall,28.8922,-99.095,4.27,94,100,4.38,US,1736469342
547,krasnoturansk,54.3186,91.5639,-13.09,96,100,1.29,RU,1736469344
548,ajdabiya,30.7554,20.2263,14.41,77,0,1.87,LY,1736469346
549,labytnangi,66.6572,66.4183,-13.01,96,100,3.27,RU,1736469347
550,camana,-16.6228,-72.7111,21.07,85,69,2.85,PE,1736469348
551,ad dabbah,18.05,30.95,16.52,39,1,4.5,SD,1736469349
552,doctor juan leon mallorquin,-25.4,-55.2667,24.76,42,1,0.35,PY,1736469350
553,alice springs,-23.7,133.8833,36.75,12,10,5.66,AU,1736469351
554,tomatlan,19.9333,-105.25,22.35,76,100,2.66,MX,1736469352
555,poxoreo,-15.8372,-54.3892,23.52,91,100,0.65,BR,1736469353
556,playa del ingles,27.7567,-15.5787,20.22,28,0,3.43,ES,1736469129
557,ballina,-28.8667,153.5667,24.91,68,100,2.68,AU,1736469357
558,young,-32.6833,-57.6333,24.48,22,0,2.1,UY,1736469358
559,namibe,-15.1961,12.1522,20.3,82,7,0.93,AO,1736469359
560,marataizes,-21.0433,-40.8244,22.74,94,100,4.99,BR,1736469360
561,vyazemskiy,47.5378,134.7525,-17.13,94,70,1.66,RU,1736469362
562,castillos,-34.1667,-53.8333,18.38,82,2,3.19,UY,1736469363
563,yerofey pavlovich,53.9667,121.9667,-24.43,94,5,1.38,RU,1736469364
564,kone,-21.0595,164.8658,27.4,57,95,1.95,NC,1736469365
565,kiama,-34.6833,150.8667,24.76,85,100,2.68,AU,1736469366
566,puerto penasco,31.3167,-113.5333,17.99,19,0,8.75,MX,1736469367
567,toliara,-23.35,43.6667,26.97,66,5,2.76,MG,1736469368
568,palikir - national government center,6.9248,158.1611,30.41,70,75,7.72,FM,1736469370
569,taman',45.2117,36.7161,9.18,84,0,3.24,RU,1736469371
570,merelani,-3.5618,36.979,19.57,89,5,1.76,TZ,1736469372
571,ola,59.5833,151.2833,-18.61,80,18,3.3,RU,1736469373
572,novoanninskiy,50.5287,42.6747,0.83,89,43,2.68,RU,1736469374
573,shakawe,-18.3667,21.85,21.46,74,100,2.09,BW,1736469375
574,ventspils,57.3894,21.5606,-1.04,100,100,2.57,LV,1736469376
575,mahina,-17.5065,-149.489,30.87,70,75,4.63,PF,1736469378
576,hilo,19.7297,-155.09,26.85,77,20,3.13,US,1736469379
577,kiffa,16.6166,-11.4045,21.12,17,0,5.17,MR,1736469380
578,zharkent,44.1628,80.0,-10.39,70,3,1.77,KZ,1736469381
